[
    {
        "id": "SAML",
        "module": {
            "class": "com.sap.core.jpaas.security.saml2.sp.loginmodule.SAML2JPaaSLoginModule",
            "options": {
                "mode": "active"
            }
        }
    },
    {
        "id": "FORM",
        "module": {
            "class": "com.sap.core.jpaas.security.saml2.sp.loginmodule.SAML2JPaaSLoginModule",
            "options": {
                "mode": "active"
            }
        }
    },
    {
        "id": "BASIC",
        "module": {
            "class": "com.sap.security.auth.module.basic.PasswordLoginModule",
            "options": {
                "mode": "active"
            }
        }
    },
    {
        "id": "OAUTH",
        "modules": [
	        {
	            "class": "com.sap.cloud.security.oauth2.loginmodule.jwt.OAuthJWTLoginModule",
	            "options": {
	                "mode": "active"
	            }
	        },
	        {
	            "class": "com.sap.cloud.security.oauth2.loginmodule.OAuth2JPaaSLoginModule",
	            "options": {
	                "mode": "active"
	            }
	        }
        ]
    },
    {
        "id": "CERT",
        "module": {
            "class": "com.sap.cloud.crypto.clientcert.lm.ClientCertLoginModule",
            "options": {
                "mode": "active"
            }
        }
    },
    {
        "id": "SAMLSSO",
        "module": {
            "class": "com.sap.core.jpaas.security.saml2.sp.loginmodule.SAML2JPaaSLoginModule",
            "options": {
                "mode": "passive"
            }
        }
    }
]